education,opinion
NO HS,Most robots have already developed higher levels of intelligence than humans
NO HS,Most robots have already developed higher levels of intelligence than humans
NO HS,Most robots have already developed higher levels of intelligence than humans
NO HS,Most robots have already developed higher levels of intelligence than humans
NO HS,Most robots have already developed higher levels of intelligence than humans
NO HS,Most robots have already developed higher levels of intelligence than humans
NO HS,Most robots have already developed higher levels of intelligence than humans
NO HS,Most robots have already developed higher levels of intelligence than humans
NO HS,Most robots have already developed higher levels of intelligence than humans
NO HS,Most robots have already developed higher levels of intelligence than humans
NO HS,Most robots have already developed higher levels of intelligence than humans
NO HS,Most robots have already developed higher levels of intelligence than humans
NO HS,Most robots have already developed higher levels of intelligence than humans
NO HS,Most robots have already developed higher levels of intelligence than humans
NO HS,Most robots have already developed higher levels of intelligence than humans
NO HS,Most robots have already developed higher levels of intelligence than humans
NO HS,Most robots have already developed higher levels of intelligence than humans
NO HS,Most robots have already developed higher levels of intelligence than humans
NO HS,Most robots have already developed higher levels of intelligence than humans
NO HS,Most robots have already developed higher levels of intelligence than humans
NO HS,Robots will be able to develop higher levels of intelligence than humans in the future
NO HS,Robots will be able to develop higher levels of intelligence than humans in the future
NO HS,Robots will be able to develop higher levels of intelligence than humans in the future
NO HS,Robots will be able to develop higher levels of intelligence than humans in the future
NO HS,Robots will be able to develop higher levels of intelligence than humans in the future
NO HS,Robots will be able to develop higher levels of intelligence than humans in the future
NO HS,Robots will be able to develop higher levels of intelligence than humans in the future
NO HS,Robots will be able to develop higher levels of intelligence than humans in the future
NO HS,Robots will be able to develop higher levels of intelligence than humans in the future
NO HS,Robots will be able to develop higher levels of intelligence than humans in the future
NO HS,Robots will be able to develop higher levels of intelligence than humans in the future
NO HS,Robots will be able to develop higher levels of intelligence than humans in the future
NO HS,Robots will be able to develop higher levels of intelligence than humans in the future
NO HS,Robots will be able to develop higher levels of intelligence than humans in the future
NO HS,Robots will be able to develop higher levels of intelligence than humans in the future
NO HS,Robots will be able to develop higher levels of intelligence than humans in the future
NO HS,Robots will be able to develop higher levels of intelligence than humans in the future
NO HS,Robots will never be able to develop higher levels of intelligence than humans
NO HS,Robots will never be able to develop higher levels of intelligence than humans
NO HS,Robots will never be able to develop higher levels of intelligence than humans
NO HS,Robots will never be able to develop higher levels of intelligence than humans
NO HS,Robots will never be able to develop higher levels of intelligence than humans
NO HS,Robots will never be able to develop higher levels of intelligence than humans
NO HS,Robots will never be able to develop higher levels of intelligence than humans
NO HS,None of these
NO HS,None of these
NO HS,None of these
NO HS,None of these
NO HS,None of these
NO HS,None of these
NO HS,None of these
NO HS,None of these
NO HS,None of these
NO HS,None of these
NO HS,None of these
NO HS,Don't know
NO HS,Don't know
NO HS,Don't know
NO HS,Don't know
NO HS,Don't know
NO HS,Don't know
NO HS,Don't know
NO HS,Don't know
NO HS,Don't know
NO HS,Don't know
NO HS,Don't know
NO HS,Don't know
NO HS,Don't know
NO HS,Don't know
NO HS,Don't know
NO HS,Don't know
NO HS,Don't know
NO HS,Don't know
NO HS,Don't know
High School graduate,Most robots have already developed higher levels of intelligence than humans
High School graduate,Most robots have already developed higher levels of intelligence than humans
High School graduate,Most robots have already developed higher levels of intelligence than humans
High School graduate,Most robots have already developed higher levels of intelligence than humans
High School graduate,Most robots have already developed higher levels of intelligence than humans
High School graduate,Most robots have already developed higher levels of intelligence than humans
High School graduate,Most robots have already developed higher levels of intelligence than humans
High School graduate,Most robots have already developed higher levels of intelligence than humans
High School graduate,Most robots have already developed higher levels of intelligence than humans
High School graduate,Most robots have already developed higher levels of intelligence than humans
High School graduate,Most robots have already developed higher levels of intelligence than humans
High School graduate,Most robots have already developed higher levels of intelligence than humans
High School graduate,Most robots have already developed higher levels of intelligence than humans
High School graduate,Most robots have already developed higher levels of intelligence than humans
High School graduate,Most robots have already developed higher levels of intelligence than humans
High School graduate,Most robots have already developed higher levels of intelligence than humans
High School graduate,Most robots have already developed higher levels of intelligence than humans
High School graduate,Most robots have already developed higher levels of intelligence than humans
High School graduate,Most robots have already developed higher levels of intelligence than humans
High School graduate,Most robots have already developed higher levels of intelligence than humans
High School graduate,Most robots have already developed higher levels of intelligence than humans
High School graduate,Most robots have already developed higher levels of intelligence than humans
High School graduate,Most robots have already developed higher levels of intelligence than humans
High School graduate,Most robots have already developed higher levels of intelligence than humans
High School graduate,Most robots have already developed higher levels of intelligence than humans
High School graduate,Most robots have already developed higher levels of intelligence than humans
High School graduate,Most robots have already developed higher levels of intelligence than humans
High School graduate,Most robots have already developed higher levels of intelligence than humans
High School graduate,Most robots have already developed higher levels of intelligence than humans
High School graduate,Most robots have already developed higher levels of intelligence than humans
High School graduate,Most robots have already developed higher levels of intelligence than humans
High School graduate,Most robots have already developed higher levels of intelligence than humans
High School graduate,Most robots have already developed higher levels of intelligence than humans
High School graduate,Most robots have already developed higher levels of intelligence than humans
High School graduate,Most robots have already developed higher levels of intelligence than humans
High School graduate,Most robots have already developed higher levels of intelligence than humans
High School graduate,Most robots have already developed higher levels of intelligence than humans
High School graduate,Most robots have already developed higher levels of intelligence than humans
High School graduate,Most robots have already developed higher levels of intelligence than humans
High School graduate,Most robots have already developed higher levels of intelligence than humans
High School graduate,Most robots have already developed higher levels of intelligence than humans
High School graduate,Most robots have already developed higher levels of intelligence than humans
High School graduate,Most robots have already developed higher levels of intelligence than humans
High School graduate,Most robots have already developed higher levels of intelligence than humans
High School graduate,Most robots have already developed higher levels of intelligence than humans
High School graduate,Most robots have already developed higher levels of intelligence than humans
High School graduate,Most robots have already developed higher levels of intelligence than humans
High School graduate,Most robots have already developed higher levels of intelligence than humans
High School graduate,Most robots have already developed higher levels of intelligence than humans
High School graduate,Robots will be able to develop higher levels of intelligence than humans in the future
High School graduate,Robots will be able to develop higher levels of intelligence than humans in the future
High School graduate,Robots will be able to develop higher levels of intelligence than humans in the future
High School graduate,Robots will be able to develop higher levels of intelligence than humans in the future
High School graduate,Robots will be able to develop higher levels of intelligence than humans in the future
High School graduate,Robots will be able to develop higher levels of intelligence than humans in the future
High School graduate,Robots will be able to develop higher levels of intelligence than humans in the future
High School graduate,Robots will be able to develop higher levels of intelligence than humans in the future
High School graduate,Robots will be able to develop higher levels of intelligence than humans in the future
High School graduate,Robots will be able to develop higher levels of intelligence than humans in the future
High School graduate,Robots will be able to develop higher levels of intelligence than humans in the future
High School graduate,Robots will be able to develop higher levels of intelligence than humans in the future
High School graduate,Robots will be able to develop higher levels of intelligence than humans in the future
High School graduate,Robots will be able to develop higher levels of intelligence than humans in the future
High School graduate,Robots will be able to develop higher levels of intelligence than humans in the future
High School graduate,Robots will be able to develop higher levels of intelligence than humans in the future
High School graduate,Robots will be able to develop higher levels of intelligence than humans in the future
High School graduate,Robots will be able to develop higher levels of intelligence than humans in the future
High School graduate,Robots will be able to develop higher levels of intelligence than humans in the future
High School graduate,Robots will be able to develop higher levels of intelligence than humans in the future
High School graduate,Robots will be able to develop higher levels of intelligence than humans in the future
High School graduate,Robots will be able to develop higher levels of intelligence than humans in the future
High School graduate,Robots will be able to develop higher levels of intelligence than humans in the future
High School graduate,Robots will be able to develop higher levels of intelligence than humans in the future
High School graduate,Robots will be able to develop higher levels of intelligence than humans in the future
High School graduate,Robots will be able to develop higher levels of intelligence than humans in the future
High School graduate,Robots will be able to develop higher levels of intelligence than humans in the future
High School graduate,Robots will be able to develop higher levels of intelligence than humans in the future
High School graduate,Robots will be able to develop higher levels of intelligence than humans in the future
High School graduate,Robots will be able to develop higher levels of intelligence than humans in the future
High School graduate,Robots will be able to develop higher levels of intelligence than humans in the future
High School graduate,Robots will be able to develop higher levels of intelligence than humans in the future
High School graduate,Robots will be able to develop higher levels of intelligence than humans in the future
High School graduate,Robots will be able to develop higher levels of intelligence than humans in the future
High School graduate,Robots will be able to develop higher levels of intelligence than humans in the future
High School graduate,Robots will be able to develop higher levels of intelligence than humans in the future
High School graduate,Robots will be able to develop higher levels of intelligence than humans in the future
High School graduate,Robots will be able to develop higher levels of intelligence than humans in the future
High School graduate,Robots will be able to develop higher levels of intelligence than humans in the future
High School graduate,Robots will be able to develop higher levels of intelligence than humans in the future
High School graduate,Robots will be able to develop higher levels of intelligence than humans in the future
High School graduate,Robots will be able to develop higher levels of intelligence than humans in the future
High School graduate,Robots will be able to develop higher levels of intelligence than humans in the future
High School graduate,Robots will be able to develop higher levels of intelligence than humans in the future
High School graduate,Robots will be able to develop higher levels of intelligence than humans in the future
High School graduate,Robots will be able to develop higher levels of intelligence than humans in the future
High School graduate,Robots will be able to develop higher levels of intelligence than humans in the future
High School graduate,Robots will be able to develop higher levels of intelligence than humans in the future
High School graduate,Robots will be able to develop higher levels of intelligence than humans in the future
High School graduate,Robots will be able to develop higher levels of intelligence than humans in the future
High School graduate,Robots will be able to develop higher levels of intelligence than humans in the future
High School graduate,Robots will be able to develop higher levels of intelligence than humans in the future
High School graduate,Robots will be able to develop higher levels of intelligence than humans in the future
High School graduate,Robots will be able to develop higher levels of intelligence than humans in the future
High School graduate,Robots will be able to develop higher levels of intelligence than humans in the future
High School graduate,Robots will be able to develop higher levels of intelligence than humans in the future
High School graduate,Robots will be able to develop higher levels of intelligence than humans in the future
High School graduate,Robots will be able to develop higher levels of intelligence than humans in the future
High School graduate,Robots will be able to develop higher levels of intelligence than humans in the future
High School graduate,Robots will be able to develop higher levels of intelligence than humans in the future
High School graduate,Robots will be able to develop higher levels of intelligence than humans in the future
High School graduate,Robots will be able to develop higher levels of intelligence than humans in the future
High School graduate,Robots will be able to develop higher levels of intelligence than humans in the future
High School graduate,Robots will be able to develop higher levels of intelligence than humans in the future
High School graduate,Robots will be able to develop higher levels of intelligence than humans in the future
High School graduate,Robots will be able to develop higher levels of intelligence than humans in the future
High School graduate,Robots will be able to develop higher levels of intelligence than humans in the future
High School graduate,Robots will be able to develop higher levels of intelligence than humans in the future
High School graduate,Robots will be able to develop higher levels of intelligence than humans in the future
High School graduate,Robots will be able to develop higher levels of intelligence than humans in the future
High School graduate,Robots will be able to develop higher levels of intelligence than humans in the future
High School graduate,Robots will be able to develop higher levels of intelligence than humans in the future
High School graduate,Robots will be able to develop higher levels of intelligence than humans in the future
High School graduate,Robots will be able to develop higher levels of intelligence than humans in the future
High School graduate,Robots will be able to develop higher levels of intelligence than humans in the future
High School graduate,Robots will be able to develop higher levels of intelligence than humans in the future
High School graduate,Robots will be able to develop higher levels of intelligence than humans in the future
High School graduate,Robots will be able to develop higher levels of intelligence than humans in the future
High School graduate,Robots will be able to develop higher levels of intelligence than humans in the future
High School graduate,Robots will be able to develop higher levels of intelligence than humans in the future
High School graduate,Robots will be able to develop higher levels of intelligence than humans in the future
High School graduate,Robots will be able to develop higher levels of intelligence than humans in the future
High School graduate,Robots will be able to develop higher levels of intelligence than humans in the future
High School graduate,Robots will be able to develop higher levels of intelligence than humans in the future
High School graduate,Robots will be able to develop higher levels of intelligence than humans in the future
High School graduate,Robots will be able to develop higher levels of intelligence than humans in the future
High School graduate,Robots will be able to develop higher levels of intelligence than humans in the future
High School graduate,Robots will be able to develop higher levels of intelligence than humans in the future
High School graduate,Robots will be able to develop higher levels of intelligence than humans in the future
High School graduate,Robots will be able to develop higher levels of intelligence than humans in the future
High School graduate,Robots will be able to develop higher levels of intelligence than humans in the future
High School graduate,Robots will be able to develop higher levels of intelligence than humans in the future
High School graduate,Robots will be able to develop higher levels of intelligence than humans in the future
High School graduate,Robots will be able to develop higher levels of intelligence than humans in the future
High School graduate,Robots will be able to develop higher levels of intelligence than humans in the future
High School graduate,Robots will be able to develop higher levels of intelligence than humans in the future
High School graduate,Robots will be able to develop higher levels of intelligence than humans in the future
High School graduate,Robots will be able to develop higher levels of intelligence than humans in the future
High School graduate,Robots will be able to develop higher levels of intelligence than humans in the future
High School graduate,Robots will be able to develop higher levels of intelligence than humans in the future
High School graduate,Robots will be able to develop higher levels of intelligence than humans in the future
High School graduate,Robots will be able to develop higher levels of intelligence than humans in the future
High School graduate,Robots will be able to develop higher levels of intelligence than humans in the future
High School graduate,Robots will be able to develop higher levels of intelligence than humans in the future
High School graduate,Robots will be able to develop higher levels of intelligence than humans in the future
High School graduate,Robots will be able to develop higher levels of intelligence than humans in the future
High School graduate,Robots will be able to develop higher levels of intelligence than humans in the future
High School graduate,Robots will be able to develop higher levels of intelligence than humans in the future
High School graduate,Robots will be able to develop higher levels of intelligence than humans in the future
High School graduate,Robots will be able to develop higher levels of intelligence than humans in the future
High School graduate,Robots will be able to develop higher levels of intelligence than humans in the future
High School graduate,Robots will be able to develop higher levels of intelligence than humans in the future
High School graduate,Robots will be able to develop higher levels of intelligence than humans in the future
High School graduate,Robots will be able to develop higher levels of intelligence than humans in the future
High School graduate,Robots will be able to develop higher levels of intelligence than humans in the future
High School graduate,Robots will be able to develop higher levels of intelligence than humans in the future
High School graduate,Robots will be able to develop higher levels of intelligence than humans in the future
High School graduate,Robots will be able to develop higher levels of intelligence than humans in the future
High School graduate,Robots will be able to develop higher levels of intelligence than humans in the future
High School graduate,Robots will never be able to develop higher levels of intelligence than humans
High School graduate,Robots will never be able to develop higher levels of intelligence than humans
High School graduate,Robots will never be able to develop higher levels of intelligence than humans
High School graduate,Robots will never be able to develop higher levels of intelligence than humans
High School graduate,Robots will never be able to develop higher levels of intelligence than humans
High School graduate,Robots will never be able to develop higher levels of intelligence than humans
High School graduate,Robots will never be able to develop higher levels of intelligence than humans
High School graduate,Robots will never be able to develop higher levels of intelligence than humans
High School graduate,Robots will never be able to develop higher levels of intelligence than humans
High School graduate,Robots will never be able to develop higher levels of intelligence than humans
High School graduate,Robots will never be able to develop higher levels of intelligence than humans
High School graduate,Robots will never be able to develop higher levels of intelligence than humans
High School graduate,Robots will never be able to develop higher levels of intelligence than humans
High School graduate,Robots will never be able to develop higher levels of intelligence than humans
High School graduate,Robots will never be able to develop higher levels of intelligence than humans
High School graduate,Robots will never be able to develop higher levels of intelligence than humans
High School graduate,Robots will never be able to develop higher levels of intelligence than humans
High School graduate,Robots will never be able to develop higher levels of intelligence than humans
High School graduate,Robots will never be able to develop higher levels of intelligence than humans
High School graduate,Robots will never be able to develop higher levels of intelligence than humans
High School graduate,Robots will never be able to develop higher levels of intelligence than humans
High School graduate,Robots will never be able to develop higher levels of intelligence than humans
High School graduate,Robots will never be able to develop higher levels of intelligence than humans
High School graduate,Robots will never be able to develop higher levels of intelligence than humans
High School graduate,Robots will never be able to develop higher levels of intelligence than humans
High School graduate,Robots will never be able to develop higher levels of intelligence than humans
High School graduate,Robots will never be able to develop higher levels of intelligence than humans
High School graduate,Robots will never be able to develop higher levels of intelligence than humans
High School graduate,Robots will never be able to develop higher levels of intelligence than humans
High School graduate,Robots will never be able to develop higher levels of intelligence than humans
High School graduate,Robots will never be able to develop higher levels of intelligence than humans
High School graduate,Robots will never be able to develop higher levels of intelligence than humans
High School graduate,Robots will never be able to develop higher levels of intelligence than humans
High School graduate,Robots will never be able to develop higher levels of intelligence than humans
High School graduate,Robots will never be able to develop higher levels of intelligence than humans
High School graduate,Robots will never be able to develop higher levels of intelligence than humans
High School graduate,Robots will never be able to develop higher levels of intelligence than humans
High School graduate,Robots will never be able to develop higher levels of intelligence than humans
High School graduate,Robots will never be able to develop higher levels of intelligence than humans
High School graduate,Robots will never be able to develop higher levels of intelligence than humans
High School graduate,Robots will never be able to develop higher levels of intelligence than humans
High School graduate,Robots will never be able to develop higher levels of intelligence than humans
High School graduate,Robots will never be able to develop higher levels of intelligence than humans
High School graduate,Robots will never be able to develop higher levels of intelligence than humans
High School graduate,Robots will never be able to develop higher levels of intelligence than humans
High School graduate,Robots will never be able to develop higher levels of intelligence than humans
High School graduate,Robots will never be able to develop higher levels of intelligence than humans
High School graduate,Robots will never be able to develop higher levels of intelligence than humans
High School graduate,Robots will never be able to develop higher levels of intelligence than humans
High School graduate,Robots will never be able to develop higher levels of intelligence than humans
High School graduate,Robots will never be able to develop higher levels of intelligence than humans
High School graduate,Robots will never be able to develop higher levels of intelligence than humans
High School graduate,Robots will never be able to develop higher levels of intelligence than humans
High School graduate,Robots will never be able to develop higher levels of intelligence than humans
High School graduate,Robots will never be able to develop higher levels of intelligence than humans
High School graduate,Robots will never be able to develop higher levels of intelligence than humans
High School graduate,Robots will never be able to develop higher levels of intelligence than humans
High School graduate,Robots will never be able to develop higher levels of intelligence than humans
High School graduate,Robots will never be able to develop higher levels of intelligence than humans
High School graduate,Robots will never be able to develop higher levels of intelligence than humans
High School graduate,Robots will never be able to develop higher levels of intelligence than humans
High School graduate,Robots will never be able to develop higher levels of intelligence than humans
High School graduate,Robots will never be able to develop higher levels of intelligence than humans
High School graduate,Robots will never be able to develop higher levels of intelligence than humans
High School graduate,Robots will never be able to develop higher levels of intelligence than humans
High School graduate,Robots will never be able to develop higher levels of intelligence than humans
High School graduate,Robots will never be able to develop higher levels of intelligence than humans
High School graduate,Robots will never be able to develop higher levels of intelligence than humans
High School graduate,Robots will never be able to develop higher levels of intelligence than humans
High School graduate,Robots will never be able to develop higher levels of intelligence than humans
High School graduate,Robots will never be able to develop higher levels of intelligence than humans
High School graduate,Robots will never be able to develop higher levels of intelligence than humans
High School graduate,Robots will never be able to develop higher levels of intelligence than humans
High School graduate,Robots will never be able to develop higher levels of intelligence than humans
High School graduate,Robots will never be able to develop higher levels of intelligence than humans
High School graduate,Robots will never be able to develop higher levels of intelligence than humans
High School graduate,Robots will never be able to develop higher levels of intelligence than humans
High School graduate,Robots will never be able to develop higher levels of intelligence than humans
High School graduate,Robots will never be able to develop higher levels of intelligence than humans
High School graduate,Robots will never be able to develop higher levels of intelligence than humans
High School graduate,Robots will never be able to develop higher levels of intelligence than humans
High School graduate,None of these
High School graduate,None of these
High School graduate,None of these
High School graduate,None of these
High School graduate,None of these
High School graduate,None of these
High School graduate,None of these
High School graduate,None of these
High School graduate,None of these
High School graduate,None of these
High School graduate,None of these
High School graduate,None of these
High School graduate,None of these
High School graduate,None of these
High School graduate,None of these
High School graduate,None of these
High School graduate,None of these
High School graduate,None of these
High School graduate,None of these
High School graduate,None of these
High School graduate,None of these
High School graduate,None of these
High School graduate,None of these
High School graduate,None of these
High School graduate,None of these
High School graduate,None of these
High School graduate,None of these
High School graduate,None of these
High School graduate,None of these
High School graduate,None of these
High School graduate,None of these
High School graduate,None of these
High School graduate,Don't know
High School graduate,Don't know
High School graduate,Don't know
High School graduate,Don't know
High School graduate,Don't know
High School graduate,Don't know
High School graduate,Don't know
High School graduate,Don't know
High School graduate,Don't know
High School graduate,Don't know
High School graduate,Don't know
High School graduate,Don't know
High School graduate,Don't know
High School graduate,Don't know
High School graduate,Don't know
High School graduate,Don't know
High School graduate,Don't know
High School graduate,Don't know
High School graduate,Don't know
High School graduate,Don't know
High School graduate,Don't know
High School graduate,Don't know
High School graduate,Don't know
High School graduate,Don't know
High School graduate,Don't know
High School graduate,Don't know
High School graduate,Don't know
High School graduate,Don't know
High School graduate,Don't know
High School graduate,Don't know
High School graduate,Don't know
High School graduate,Don't know
High School graduate,Don't know
High School graduate,Don't know
High School graduate,Don't know
High School graduate,Don't know
High School graduate,Don't know
High School graduate,Don't know
High School graduate,Don't know
High School graduate,Don't know
High School graduate,Don't know
High School graduate,Don't know
High School graduate,Don't know
High School graduate,Don't know
High School graduate,Don't know
High School graduate,Don't know
High School graduate,Don't know
High School graduate,Don't know
High School graduate,Don't know
High School graduate,Don't know
High School graduate,Don't know
High School graduate,Don't know
High School graduate,Don't know
High School graduate,Don't know
High School graduate,Don't know
High School graduate,Don't know
High School graduate,Don't know
High School graduate,Don't know
High School graduate,Don't know
High School graduate,Don't know
High School graduate,Don't know
High School graduate,Don't know
High School graduate,Don't know
High School graduate,Don't know
High School graduate,Don't know
High School graduate,Don't know
High School graduate,Don't know
High School graduate,Don't know
High School graduate,Don't know
High School graduate,Don't know
High School graduate,Don't know
High School graduate,Don't know
High School graduate,Don't know
High School graduate,Don't know
Some College,Most robots have already developed higher levels of intelligence than humans
Some College,Most robots have already developed higher levels of intelligence than humans
Some College,Most robots have already developed higher levels of intelligence than humans
Some College,Most robots have already developed higher levels of intelligence than humans
Some College,Most robots have already developed higher levels of intelligence than humans
Some College,Most robots have already developed higher levels of intelligence than humans
Some College,Most robots have already developed higher levels of intelligence than humans
Some College,Most robots have already developed higher levels of intelligence than humans
Some College,Most robots have already developed higher levels of intelligence than humans
Some College,Most robots have already developed higher levels of intelligence than humans
Some College,Most robots have already developed higher levels of intelligence than humans
Some College,Most robots have already developed higher levels of intelligence than humans
Some College,Most robots have already developed higher levels of intelligence than humans
Some College,Most robots have already developed higher levels of intelligence than humans
Some College,Most robots have already developed higher levels of intelligence than humans
Some College,Most robots have already developed higher levels of intelligence than humans
Some College,Most robots have already developed higher levels of intelligence than humans
Some College,Most robots have already developed higher levels of intelligence than humans
Some College,Most robots have already developed higher levels of intelligence than humans
Some College,Most robots have already developed higher levels of intelligence than humans
Some College,Robots will be able to develop higher levels of intelligence than humans in the future
Some College,Robots will be able to develop higher levels of intelligence than humans in the future
Some College,Robots will be able to develop higher levels of intelligence than humans in the future
Some College,Robots will be able to develop higher levels of intelligence than humans in the future
Some College,Robots will be able to develop higher levels of intelligence than humans in the future
Some College,Robots will be able to develop higher levels of intelligence than humans in the future
Some College,Robots will be able to develop higher levels of intelligence than humans in the future
Some College,Robots will be able to develop higher levels of intelligence than humans in the future
Some College,Robots will be able to develop higher levels of intelligence than humans in the future
Some College,Robots will be able to develop higher levels of intelligence than humans in the future
Some College,Robots will be able to develop higher levels of intelligence than humans in the future
Some College,Robots will be able to develop higher levels of intelligence than humans in the future
Some College,Robots will be able to develop higher levels of intelligence than humans in the future
Some College,Robots will be able to develop higher levels of intelligence than humans in the future
Some College,Robots will be able to develop higher levels of intelligence than humans in the future
Some College,Robots will be able to develop higher levels of intelligence than humans in the future
Some College,Robots will be able to develop higher levels of intelligence than humans in the future
Some College,Robots will be able to develop higher levels of intelligence than humans in the future
Some College,Robots will be able to develop higher levels of intelligence than humans in the future
Some College,Robots will be able to develop higher levels of intelligence than humans in the future
Some College,Robots will be able to develop higher levels of intelligence than humans in the future
Some College,Robots will be able to develop higher levels of intelligence than humans in the future
Some College,Robots will be able to develop higher levels of intelligence than humans in the future
Some College,Robots will be able to develop higher levels of intelligence than humans in the future
Some College,Robots will be able to develop higher levels of intelligence than humans in the future
Some College,Robots will be able to develop higher levels of intelligence than humans in the future
Some College,Robots will be able to develop higher levels of intelligence than humans in the future
Some College,Robots will be able to develop higher levels of intelligence than humans in the future
Some College,Robots will be able to develop higher levels of intelligence than humans in the future
Some College,Robots will be able to develop higher levels of intelligence than humans in the future
Some College,Robots will be able to develop higher levels of intelligence than humans in the future
Some College,Robots will be able to develop higher levels of intelligence than humans in the future
Some College,Robots will be able to develop higher levels of intelligence than humans in the future
Some College,Robots will be able to develop higher levels of intelligence than humans in the future
Some College,Robots will be able to develop higher levels of intelligence than humans in the future
Some College,Robots will be able to develop higher levels of intelligence than humans in the future
Some College,Robots will be able to develop higher levels of intelligence than humans in the future
Some College,Robots will be able to develop higher levels of intelligence than humans in the future
Some College,Robots will be able to develop higher levels of intelligence than humans in the future
Some College,Robots will be able to develop higher levels of intelligence than humans in the future
Some College,Robots will be able to develop higher levels of intelligence than humans in the future
Some College,Robots will be able to develop higher levels of intelligence than humans in the future
Some College,Robots will be able to develop higher levels of intelligence than humans in the future
Some College,Robots will be able to develop higher levels of intelligence than humans in the future
Some College,Robots will be able to develop higher levels of intelligence than humans in the future
Some College,Robots will be able to develop higher levels of intelligence than humans in the future
Some College,Robots will be able to develop higher levels of intelligence than humans in the future
Some College,Robots will be able to develop higher levels of intelligence than humans in the future
Some College,Robots will be able to develop higher levels of intelligence than humans in the future
Some College,Robots will be able to develop higher levels of intelligence than humans in the future
Some College,Robots will be able to develop higher levels of intelligence than humans in the future
Some College,Robots will be able to develop higher levels of intelligence than humans in the future
Some College,Robots will be able to develop higher levels of intelligence than humans in the future
Some College,Robots will be able to develop higher levels of intelligence than humans in the future
Some College,Robots will be able to develop higher levels of intelligence than humans in the future
Some College,Robots will be able to develop higher levels of intelligence than humans in the future
Some College,Robots will be able to develop higher levels of intelligence than humans in the future
Some College,Robots will be able to develop higher levels of intelligence than humans in the future
Some College,Robots will be able to develop higher levels of intelligence than humans in the future
Some College,Robots will be able to develop higher levels of intelligence than humans in the future
Some College,Robots will be able to develop higher levels of intelligence than humans in the future
Some College,Robots will be able to develop higher levels of intelligence than humans in the future
Some College,Robots will be able to develop higher levels of intelligence than humans in the future
Some College,Robots will be able to develop higher levels of intelligence than humans in the future
Some College,Robots will be able to develop higher levels of intelligence than humans in the future
Some College,Robots will be able to develop higher levels of intelligence than humans in the future
Some College,Robots will be able to develop higher levels of intelligence than humans in the future
Some College,Robots will be able to develop higher levels of intelligence than humans in the future
Some College,Robots will be able to develop higher levels of intelligence than humans in the future
Some College,Robots will be able to develop higher levels of intelligence than humans in the future
Some College,Robots will be able to develop higher levels of intelligence than humans in the future
Some College,Robots will never be able to develop higher levels of intelligence than humans
Some College,Robots will never be able to develop higher levels of intelligence than humans
Some College,Robots will never be able to develop higher levels of intelligence than humans
Some College,Robots will never be able to develop higher levels of intelligence than humans
Some College,Robots will never be able to develop higher levels of intelligence than humans
Some College,Robots will never be able to develop higher levels of intelligence than humans
Some College,Robots will never be able to develop higher levels of intelligence than humans
Some College,Robots will never be able to develop higher levels of intelligence than humans
Some College,Robots will never be able to develop higher levels of intelligence than humans
Some College,Robots will never be able to develop higher levels of intelligence than humans
Some College,Robots will never be able to develop higher levels of intelligence than humans
Some College,Robots will never be able to develop higher levels of intelligence than humans
Some College,Robots will never be able to develop higher levels of intelligence than humans
Some College,Robots will never be able to develop higher levels of intelligence than humans
Some College,Robots will never be able to develop higher levels of intelligence than humans
Some College,Robots will never be able to develop higher levels of intelligence than humans
Some College,Robots will never be able to develop higher levels of intelligence than humans
Some College,Robots will never be able to develop higher levels of intelligence than humans
Some College,Robots will never be able to develop higher levels of intelligence than humans
Some College,Robots will never be able to develop higher levels of intelligence than humans
Some College,Robots will never be able to develop higher levels of intelligence than humans
Some College,Robots will never be able to develop higher levels of intelligence than humans
Some College,Robots will never be able to develop higher levels of intelligence than humans
Some College,Robots will never be able to develop higher levels of intelligence than humans
Some College,Robots will never be able to develop higher levels of intelligence than humans
Some College,Robots will never be able to develop higher levels of intelligence than humans
Some College,Robots will never be able to develop higher levels of intelligence than humans
Some College,Robots will never be able to develop higher levels of intelligence than humans
Some College,Robots will never be able to develop higher levels of intelligence than humans
Some College,Robots will never be able to develop higher levels of intelligence than humans
Some College,Robots will never be able to develop higher levels of intelligence than humans
Some College,Robots will never be able to develop higher levels of intelligence than humans
Some College,Robots will never be able to develop higher levels of intelligence than humans
Some College,Robots will never be able to develop higher levels of intelligence than humans
Some College,Robots will never be able to develop higher levels of intelligence than humans
Some College,Robots will never be able to develop higher levels of intelligence than humans
Some College,Robots will never be able to develop higher levels of intelligence than humans
Some College,Robots will never be able to develop higher levels of intelligence than humans
Some College,None of these
Some College,None of these
Some College,None of these
Some College,None of these
Some College,None of these
Some College,None of these
Some College,None of these
Some College,None of these
Some College,None of these
Some College,None of these
Some College,None of these
Some College,None of these
Some College,None of these
Some College,None of these
Some College,None of these
Some College,None of these
Some College,Don't know
Some College,Don't know
Some College,Don't know
Some College,Don't know
Some College,Don't know
Some College,Don't know
Some College,Don't know
Some College,Don't know
Some College,Don't know
Some College,Don't know
Some College,Don't know
Some College,Don't know
Some College,Don't know
Some College,Don't know
Some College,Don't know
Some College,Don't know
Some College,Don't know
Some College,Don't know
Some College,Don't know
Some College,Don't know
Some College,Don't know
Some College,Don't know
Some College,Don't know
Some College,Don't know
Some College,Don't know
Some College,Don't know
Some College,Don't know
Some College,Don't know
Some College,Don't know
Some College,Don't know
Some College,Don't know
Some College,Don't know
Some College,Don't know
Some College,Don't know
Some College,Don't know
Some College,Don't know
Some College,Don't know
Some College,Don't know
Some College,Don't know
Some College,Don't know
Some College,Don't know
Some College,Don't know
Some College,Don't know
Some College,Don't know
Some College,Don't know
Some College,Don't know
Some College,Don't know
Some College,Don't know
Some College,Don't know
Some College,Don't know
Some College,Don't know
Some College,Don't know
Some College,Don't know
4-year,Most robots have already developed higher levels of intelligence than humans
4-year,Most robots have already developed higher levels of intelligence than humans
4-year,Most robots have already developed higher levels of intelligence than humans
4-year,Most robots have already developed higher levels of intelligence than humans
4-year,Most robots have already developed higher levels of intelligence than humans
4-year,Most robots have already developed higher levels of intelligence than humans
4-year,Most robots have already developed higher levels of intelligence than humans
4-year,Most robots have already developed higher levels of intelligence than humans
4-year,Most robots have already developed higher levels of intelligence than humans
4-year,Most robots have already developed higher levels of intelligence than humans
4-year,Most robots have already developed higher levels of intelligence than humans
4-year,Most robots have already developed higher levels of intelligence than humans
4-year,Most robots have already developed higher levels of intelligence than humans
4-year,Most robots have already developed higher levels of intelligence than humans
4-year,Most robots have already developed higher levels of intelligence than humans
4-year,Most robots have already developed higher levels of intelligence than humans
4-year,Most robots have already developed higher levels of intelligence than humans
4-year,Robots will be able to develop higher levels of intelligence than humans in the future
4-year,Robots will be able to develop higher levels of intelligence than humans in the future
4-year,Robots will be able to develop higher levels of intelligence than humans in the future
4-year,Robots will be able to develop higher levels of intelligence than humans in the future
4-year,Robots will be able to develop higher levels of intelligence than humans in the future
4-year,Robots will be able to develop higher levels of intelligence than humans in the future
4-year,Robots will be able to develop higher levels of intelligence than humans in the future
4-year,Robots will be able to develop higher levels of intelligence than humans in the future
4-year,Robots will be able to develop higher levels of intelligence than humans in the future
4-year,Robots will be able to develop higher levels of intelligence than humans in the future
4-year,Robots will be able to develop higher levels of intelligence than humans in the future
4-year,Robots will be able to develop higher levels of intelligence than humans in the future
4-year,Robots will be able to develop higher levels of intelligence than humans in the future
4-year,Robots will be able to develop higher levels of intelligence than humans in the future
4-year,Robots will be able to develop higher levels of intelligence than humans in the future
4-year,Robots will be able to develop higher levels of intelligence than humans in the future
4-year,Robots will be able to develop higher levels of intelligence than humans in the future
4-year,Robots will be able to develop higher levels of intelligence than humans in the future
4-year,Robots will be able to develop higher levels of intelligence than humans in the future
4-year,Robots will be able to develop higher levels of intelligence than humans in the future
4-year,Robots will be able to develop higher levels of intelligence than humans in the future
4-year,Robots will be able to develop higher levels of intelligence than humans in the future
4-year,Robots will be able to develop higher levels of intelligence than humans in the future
4-year,Robots will be able to develop higher levels of intelligence than humans in the future
4-year,Robots will be able to develop higher levels of intelligence than humans in the future
4-year,Robots will be able to develop higher levels of intelligence than humans in the future
4-year,Robots will be able to develop higher levels of intelligence than humans in the future
4-year,Robots will be able to develop higher levels of intelligence than humans in the future
4-year,Robots will be able to develop higher levels of intelligence than humans in the future
4-year,Robots will be able to develop higher levels of intelligence than humans in the future
4-year,Robots will be able to develop higher levels of intelligence than humans in the future
4-year,Robots will be able to develop higher levels of intelligence than humans in the future
4-year,Robots will be able to develop higher levels of intelligence than humans in the future
4-year,Robots will be able to develop higher levels of intelligence than humans in the future
4-year,Robots will be able to develop higher levels of intelligence than humans in the future
4-year,Robots will be able to develop higher levels of intelligence than humans in the future
4-year,Robots will be able to develop higher levels of intelligence than humans in the future
4-year,Robots will be able to develop higher levels of intelligence than humans in the future
4-year,Robots will be able to develop higher levels of intelligence than humans in the future
4-year,Robots will be able to develop higher levels of intelligence than humans in the future
4-year,Robots will be able to develop higher levels of intelligence than humans in the future
4-year,Robots will be able to develop higher levels of intelligence than humans in the future
4-year,Robots will be able to develop higher levels of intelligence than humans in the future
4-year,Robots will be able to develop higher levels of intelligence than humans in the future
4-year,Robots will be able to develop higher levels of intelligence than humans in the future
4-year,Robots will be able to develop higher levels of intelligence than humans in the future
4-year,Robots will be able to develop higher levels of intelligence than humans in the future
4-year,Robots will be able to develop higher levels of intelligence than humans in the future
4-year,Robots will be able to develop higher levels of intelligence than humans in the future
4-year,Robots will be able to develop higher levels of intelligence than humans in the future
4-year,Robots will be able to develop higher levels of intelligence than humans in the future
4-year,Robots will be able to develop higher levels of intelligence than humans in the future
4-year,Robots will be able to develop higher levels of intelligence than humans in the future
4-year,Robots will be able to develop higher levels of intelligence than humans in the future
4-year,Robots will be able to develop higher levels of intelligence than humans in the future
4-year,Robots will be able to develop higher levels of intelligence than humans in the future
4-year,Robots will be able to develop higher levels of intelligence than humans in the future
4-year,Robots will be able to develop higher levels of intelligence than humans in the future
4-year,Robots will be able to develop higher levels of intelligence than humans in the future
4-year,Robots will be able to develop higher levels of intelligence than humans in the future
4-year,Robots will be able to develop higher levels of intelligence than humans in the future
4-year,Robots will be able to develop higher levels of intelligence than humans in the future
4-year,Robots will be able to develop higher levels of intelligence than humans in the future
4-year,Robots will be able to develop higher levels of intelligence than humans in the future
4-year,Robots will be able to develop higher levels of intelligence than humans in the future
4-year,Robots will be able to develop higher levels of intelligence than humans in the future
4-year,Robots will be able to develop higher levels of intelligence than humans in the future
4-year,Robots will be able to develop higher levels of intelligence than humans in the future
4-year,Robots will be able to develop higher levels of intelligence than humans in the future
4-year,Robots will be able to develop higher levels of intelligence than humans in the future
4-year,Robots will be able to develop higher levels of intelligence than humans in the future
4-year,Robots will be able to develop higher levels of intelligence than humans in the future
4-year,Robots will be able to develop higher levels of intelligence than humans in the future
4-year,Robots will be able to develop higher levels of intelligence than humans in the future
4-year,Robots will be able to develop higher levels of intelligence than humans in the future
4-year,Robots will be able to develop higher levels of intelligence than humans in the future
4-year,Robots will be able to develop higher levels of intelligence than humans in the future
4-year,Robots will be able to develop higher levels of intelligence than humans in the future
4-year,Robots will be able to develop higher levels of intelligence than humans in the future
4-year,Robots will be able to develop higher levels of intelligence than humans in the future
4-year,Robots will never be able to develop higher levels of intelligence than humans
4-year,Robots will never be able to develop higher levels of intelligence than humans
4-year,Robots will never be able to develop higher levels of intelligence than humans
4-year,Robots will never be able to develop higher levels of intelligence than humans
4-year,Robots will never be able to develop higher levels of intelligence than humans
4-year,Robots will never be able to develop higher levels of intelligence than humans
4-year,Robots will never be able to develop higher levels of intelligence than humans
4-year,Robots will never be able to develop higher levels of intelligence than humans
4-year,Robots will never be able to develop higher levels of intelligence than humans
4-year,Robots will never be able to develop higher levels of intelligence than humans
4-year,Robots will never be able to develop higher levels of intelligence than humans
4-year,Robots will never be able to develop higher levels of intelligence than humans
4-year,Robots will never be able to develop higher levels of intelligence than humans
4-year,Robots will never be able to develop higher levels of intelligence than humans
4-year,Robots will never be able to develop higher levels of intelligence than humans
4-year,Robots will never be able to develop higher levels of intelligence than humans
4-year,Robots will never be able to develop higher levels of intelligence than humans
4-year,Robots will never be able to develop higher levels of intelligence than humans
4-year,Robots will never be able to develop higher levels of intelligence than humans
4-year,Robots will never be able to develop higher levels of intelligence than humans
4-year,Robots will never be able to develop higher levels of intelligence than humans
4-year,Robots will never be able to develop higher levels of intelligence than humans
4-year,Robots will never be able to develop higher levels of intelligence than humans
4-year,Robots will never be able to develop higher levels of intelligence than humans
4-year,Robots will never be able to develop higher levels of intelligence than humans
4-year,Robots will never be able to develop higher levels of intelligence than humans
4-year,Robots will never be able to develop higher levels of intelligence than humans
4-year,Robots will never be able to develop higher levels of intelligence than humans
4-year,Robots will never be able to develop higher levels of intelligence than humans
4-year,Robots will never be able to develop higher levels of intelligence than humans
4-year,Robots will never be able to develop higher levels of intelligence than humans
4-year,Robots will never be able to develop higher levels of intelligence than humans
4-year,Robots will never be able to develop higher levels of intelligence than humans
4-year,Robots will never be able to develop higher levels of intelligence than humans
4-year,Robots will never be able to develop higher levels of intelligence than humans
4-year,Robots will never be able to develop higher levels of intelligence than humans
4-year,Robots will never be able to develop higher levels of intelligence than humans
4-year,Robots will never be able to develop higher levels of intelligence than humans
4-year,Robots will never be able to develop higher levels of intelligence than humans
4-year,Robots will never be able to develop higher levels of intelligence than humans
4-year,Robots will never be able to develop higher levels of intelligence than humans
4-year,Robots will never be able to develop higher levels of intelligence than humans
4-year,Robots will never be able to develop higher levels of intelligence than humans
4-year,None of these
4-year,None of these
4-year,None of these
4-year,None of these
4-year,None of these
4-year,None of these
4-year,None of these
4-year,None of these
4-year,None of these
4-year,None of these
4-year,None of these
4-year,Don't know
4-year,Don't know
4-year,Don't know
4-year,Don't know
4-year,Don't know
4-year,Don't know
4-year,Don't know
4-year,Don't know
4-year,Don't know
4-year,Don't know
4-year,Don't know
4-year,Don't know
4-year,Don't know
4-year,Don't know
4-year,Don't know
4-year,Don't know
4-year,Don't know
4-year,Don't know
4-year,Don't know
4-year,Don't know
4-year,Don't know
4-year,Don't know
4-year,Don't know
4-year,Don't know
4-year,Don't know
4-year,Don't know
4-year,Don't know
4-year,Don't know
4-year,Don't know
4-year,Don't know
4-year,Don't know
4-year,Don't know
4-year,Don't know
4-year,Don't know
4-year,Don't know
Post-grad,Most robots have already developed higher levels of intelligence than humans
Post-grad,Most robots have already developed higher levels of intelligence than humans
Post-grad,Most robots have already developed higher levels of intelligence than humans
Post-grad,Most robots have already developed higher levels of intelligence than humans
Post-grad,Most robots have already developed higher levels of intelligence than humans
Post-grad,Most robots have already developed higher levels of intelligence than humans
Post-grad,Most robots have already developed higher levels of intelligence than humans
Post-grad,Most robots have already developed higher levels of intelligence than humans
Post-grad,Most robots have already developed higher levels of intelligence than humans
Post-grad,Most robots have already developed higher levels of intelligence than humans
Post-grad,Robots will be able to develop higher levels of intelligence than humans in the future
Post-grad,Robots will be able to develop higher levels of intelligence than humans in the future
Post-grad,Robots will be able to develop higher levels of intelligence than humans in the future
Post-grad,Robots will be able to develop higher levels of intelligence than humans in the future
Post-grad,Robots will be able to develop higher levels of intelligence than humans in the future
Post-grad,Robots will be able to develop higher levels of intelligence than humans in the future
Post-grad,Robots will be able to develop higher levels of intelligence than humans in the future
Post-grad,Robots will be able to develop higher levels of intelligence than humans in the future
Post-grad,Robots will be able to develop higher levels of intelligence than humans in the future
Post-grad,Robots will be able to develop higher levels of intelligence than humans in the future
Post-grad,Robots will be able to develop higher levels of intelligence than humans in the future
Post-grad,Robots will be able to develop higher levels of intelligence than humans in the future
Post-grad,Robots will be able to develop higher levels of intelligence than humans in the future
Post-grad,Robots will be able to develop higher levels of intelligence than humans in the future
Post-grad,Robots will be able to develop higher levels of intelligence than humans in the future
Post-grad,Robots will be able to develop higher levels of intelligence than humans in the future
Post-grad,Robots will be able to develop higher levels of intelligence than humans in the future
Post-grad,Robots will be able to develop higher levels of intelligence than humans in the future
Post-grad,Robots will be able to develop higher levels of intelligence than humans in the future
Post-grad,Robots will be able to develop higher levels of intelligence than humans in the future
Post-grad,Robots will be able to develop higher levels of intelligence than humans in the future
Post-grad,Robots will be able to develop higher levels of intelligence than humans in the future
Post-grad,Robots will be able to develop higher levels of intelligence than humans in the future
Post-grad,Robots will be able to develop higher levels of intelligence than humans in the future
Post-grad,Robots will be able to develop higher levels of intelligence than humans in the future
Post-grad,Robots will be able to develop higher levels of intelligence than humans in the future
Post-grad,Robots will be able to develop higher levels of intelligence than humans in the future
Post-grad,Robots will be able to develop higher levels of intelligence than humans in the future
Post-grad,Robots will be able to develop higher levels of intelligence than humans in the future
Post-grad,Robots will be able to develop higher levels of intelligence than humans in the future
Post-grad,Robots will be able to develop higher levels of intelligence than humans in the future
Post-grad,Robots will be able to develop higher levels of intelligence than humans in the future
Post-grad,Robots will be able to develop higher levels of intelligence than humans in the future
Post-grad,Robots will be able to develop higher levels of intelligence than humans in the future
Post-grad,Robots will be able to develop higher levels of intelligence than humans in the future
Post-grad,Robots will be able to develop higher levels of intelligence than humans in the future
Post-grad,Robots will be able to develop higher levels of intelligence than humans in the future
Post-grad,Robots will be able to develop higher levels of intelligence than humans in the future
Post-grad,Robots will be able to develop higher levels of intelligence than humans in the future
Post-grad,Robots will be able to develop higher levels of intelligence than humans in the future
Post-grad,Robots will be able to develop higher levels of intelligence than humans in the future
Post-grad,Robots will be able to develop higher levels of intelligence than humans in the future
Post-grad,Robots will be able to develop higher levels of intelligence than humans in the future
Post-grad,Robots will be able to develop higher levels of intelligence than humans in the future
Post-grad,Robots will be able to develop higher levels of intelligence than humans in the future
Post-grad,Robots will be able to develop higher levels of intelligence than humans in the future
Post-grad,Robots will be able to develop higher levels of intelligence than humans in the future
Post-grad,Robots will never be able to develop higher levels of intelligence than humans
Post-grad,Robots will never be able to develop higher levels of intelligence than humans
Post-grad,Robots will never be able to develop higher levels of intelligence than humans
Post-grad,Robots will never be able to develop higher levels of intelligence than humans
Post-grad,Robots will never be able to develop higher levels of intelligence than humans
Post-grad,Robots will never be able to develop higher levels of intelligence than humans
Post-grad,Robots will never be able to develop higher levels of intelligence than humans
Post-grad,Robots will never be able to develop higher levels of intelligence than humans
Post-grad,Robots will never be able to develop higher levels of intelligence than humans
Post-grad,Robots will never be able to develop higher levels of intelligence than humans
Post-grad,Robots will never be able to develop higher levels of intelligence than humans
Post-grad,Robots will never be able to develop higher levels of intelligence than humans
Post-grad,Robots will never be able to develop higher levels of intelligence than humans
Post-grad,Robots will never be able to develop higher levels of intelligence than humans
Post-grad,Robots will never be able to develop higher levels of intelligence than humans
Post-grad,Robots will never be able to develop higher levels of intelligence than humans
Post-grad,Robots will never be able to develop higher levels of intelligence than humans
Post-grad,Robots will never be able to develop higher levels of intelligence than humans
Post-grad,Robots will never be able to develop higher levels of intelligence than humans
Post-grad,Robots will never be able to develop higher levels of intelligence than humans
Post-grad,Robots will never be able to develop higher levels of intelligence than humans
Post-grad,None of these
Post-grad,None of these
Post-grad,None of these
Post-grad,None of these
Post-grad,None of these
Post-grad,Don't know
Post-grad,Don't know
Post-grad,Don't know
Post-grad,Don't know
Post-grad,Don't know
Post-grad,Don't know
Post-grad,Don't know
Post-grad,Don't know
Post-grad,Don't know
Post-grad,Don't know
Post-grad,Don't know
Post-grad,Don't know
Post-grad,Don't know
Post-grad,Don't know
Post-grad,Don't know
Post-grad,Don't know
Post-grad,Don't know
Post-grad,Don't know
Post-grad,Don't know